Entry,Entry name,Protein names,Disulfide bond,Glycosylation,Length,interbond_distance,intrabond,topology,Cysteine positions,Number of cysteines ,Sequon list,Orientation,New_Length,Num of TMRs
Q8WXI7,MUC16_HUMAN,Mucin-16 (MUC-16) (Ovarian cancer-related tumor marker CA125) (CA-125) (Ovarian carcinoma antigen CA125),"['12126 12146', '12282 12302', '12440 12460', '12596 12616', '12751 12771', '12907 12927', '13063 13083', '13219 13239', '13375 13395', '13531 13551', '13687 13707', '13976 13996', '14126 14146', '14373 14393']","['139', '434', '787', '930', '957', '1375', '1633', '1840', '1877', '1890', '2345', '2375', '2737', '3085', '3178', '3501', '4220', '4498', '4606', '4613', '4624', '4861', '5096', '5131', '5228', '5320', '5394', '5470', '5689', '5863', '6088', '6732', '6859', '6961', '8029', '8055', '8324', '8618', '8684', '8913', '9202', '9493', '9785', '10075', '10173', '10510', '10700', '10749', '11053', '11224', '11263', '11367', '11594', '12079', '12100', '12116', '12168', '12235', '12272', '12393', '12414', '12430', '12549', '12570', '12586', '12704', '12725', '12741', '12824', '12860', '12881', '12897', '13016', '13037', '13053', '13172', '13193', '13328', '13349', '13365', '13484', '13505', '13521', '13640', '13661', '13733', '13744', '13796', '13816', '13832', '13929', '13950', '14080', '14100', '14195', '14212', '14254', '14287', '14326', '14363', '14417', '14423']",14507,136|138|136|135|136|136|136|136|136|136|269|130|227|,20|20|20|20|20|20|20|20|20|20|20|20|20|20|,o22098-22120i,"['7797', '12125', '12145', '12281', '12301', '12439', '12459', '12595', '12615', '12717', '12750', '12770', '12906', '12926', '13062', '13082', '13218', '13238', '13374', '13394', '13530', '13550', '13686', '13706', '13841', '13861', '13975', '13995', '14125', '14145', '14249', '14372', '14392', '14468', '14471', '14492']",36,"['110', '139', '434', '787', '930', '957', '1375', '1633', '1840', '1877', '1890', '2345', '2375', '2737', '3085', '3178', '3501', '4220', '4498', '4606', '4613', '4624', '4861', '4995', '5096', '5131', '5228', '5320', '5394', '5470', '5689', '5863', '6088', '6732', '6859', '6961', '8029', '8055', '8324', '8618', '8684', '8913', '9202', '9493', '9785', '10075', '10173', '10232', '10510', '10643', '10700', '10749', '11053', '11224', '11263', '11367', '11594', '12079', '12100', '12116', '12168', '12235', '12272', '12393', '12414', '12430', '12549', '12570', '12586', '12704', '12725', '12741', '12824', '12860', '12881', '12897', '13016', '13037', '13053', '13172', '13193', '13328', '13349', '13365', '13484', '13505', '13521', '13640', '13661', '13733', '13744', '13796', '13816', '13832', '13929', '13950', '14080', '14100', '14195', '14212', '14254', '14287', '14326', '14363', '14394', '14417', '14423']", o14456-14476i,14507,1
Q92508,PIEZ1_HUMAN,Piezo-type mechanosensitive ion channel component 1 (Membrane protein induced by beta-amyloid treatment) (Mib) (Protein FAM38A),['2411 2415'],"['295', '2294']",2521,Only One pair,4|,o10-41i62-84o121-143i192-214o219-241i248-270o427-449i462-484o508-530i579-598o602-621i628-650o680-702i823-845o985-1007i1037-1059o1160-1177i1184-1203o1218-1240i1247-1264o1284-1303i1689-1720o1730-1752i1961-1983o2003-2023i2030-2052o2062-2079i2100-2122o2132-2149i2170-2192o2430-2452i,"['16', '22', '49', '79', '94', '134', '138', '230', '235', '248', '253', '261', '264', '295', '322', '382', '425', '450', '465', '468', '477', '478', '512', '583', '610', '693', '855', '862', '867', '885', '981', '998', '1019', '1041', '1055', '1063', '1107', '1150', '1192', '1216', '1236', '1247', '1257', '1275', '1290', '1681', '1690', '1801', '1930', '2070', '2082', '2137', '2150', '2410', '2414', '2472', '2480']",57,"['295', '658', '885', '892', '1095', '1222', '2294', '2331']", i5-26o27-44i62-80o119-139i194-214o218-238i248-268o309-329i415-439o440-456i462-480o511-530i575-594o597-617i628-647o680-696i802-827o830-845i857-872o926-946i987-1007o1013-1027i1037-1057o1097-1117i1157-1177o1182-1201i1217-1239o1283-1297i1683-1701o1705-1720i1729-1749o1786-1795i1960-1979o2000-2017i2031-2051o2061-2081i2170-2194o2432-2459i,2521,38
Q07954,LRP1_HUMAN,Prolow-density lipoprotein receptor-related protein 1 (LRP-1) (Alpha-2-macroglobulin receptor) (A2MR) (Apolipoprotein E receptor) (APOER) (CD antigen CD91) [Cleaved into: Low-density lipoprotein receptor-related protein 1 85 kDa subunit (LRP-85); Low-density lipoprotein receptor-related protein 1 515 kDa subunit (LRP-515); Low-density lipoprotein receptor-related protein 1 intracellular domain (LRPICD)],"['27 40', '34 53', '47 64', '72 85', '79 98', '92 108', '115 124', '120 133', '135 148', '154 164', '160 173', '175 188', '478 493', '489 504', '506 519', '807 818', '814 827', '829 842', '854 866', '861 879', '873 890', '895 907', '902 920', '914 931', '936 948', '943 961', '955 971', '976 989', '984 1002', '996 1011', '1015 1027', '1022 1040', '1034 1051', '1062 1075', '1069 1088', '1082 1097', '1104 1118', '1112 1131', '1125 1140', '1145 1159', '1152 1172', '1166 1182', '1185 1196', '1192 1206', '1208 1221', '1227 1237', '1233 1246', '1248 1261', '1540 1553', '1549 1563', '1565 1578', '1850 1861', '1857 1871', '1873 1886', '2159 2170', '2166 2180', '2182 2194', '2482 2493', '2489 2503', '2505 2517', '2524 2537', '2532 2550', '2544 2561', '2566 2578', '2573 2591', '2585 2600', '2605 2617', '2612 2630', '2624 2639', '2644 2666', '2660 2679', '2673 2688', '2696 2708', '2703 2721', '2715 2730', '2734 2746', '2741 2759', '2753 2769', '2774 2787', '2781 2800', '2794 2812', '2818 2830', '2825 2843', '2837 2853', '2858 2870', '2865 2884', '2878 2897', '2904 2917', '2912 2930', '2924 2939', '2944 2956', '2952 2965', '2967 2980', '2986 2996', '2992 3005', '3007 3021', '3294 3305', '3301 3315', '3317 3330', '3334 3346', '3341 3359', '3353 3369', '3374 3386', '3381 3399', '3393 3408', '3413 3426', '3420 3439', '3433 3448', '3453 3466', '3460 3479', '3473 3489', '3494 3507', '3501 3520', '3514 3531', '3536 3548', '3543 3561', '3555 3570', '3575 3587', '3582 3600', '3594 3609', '3613 3625', '3620 3638', '3632 3647', '3654 3666', '3661 3679', '3673 3690', '3695 3709', '3703 3722', '3716 3731', '3741 3754', '3749 3767', '3761 3776', '3785 3798', '3792 3807', '3809 3822', '3828 3838', '3834 3847', '3849 3860', '4151 4160', '4156 4169', '4171 4182', '4200 4210', '4204 4220', '4222 4231', '4236 4246', '4240 4256', '4258 4267', '4272 4282', '4276 4292', '4294 4303', '4308 4318', '4312 4328', '4330 4339', '4344 4352', '4347 4363', '4365 4374', '4377 4387', '4381 4397', '4399 4408']","['114', '136', '185', '239', '274', '357', '446', '729', '928', '1050', '1154', '1155', '1195', '1218', '1511', '1558', '1575', '1616', '1645', '1723', '1733', '1763', '1825', '1933', '1995', '2048', '2117', '2127', '2472', '2502', '2521', '2539', '2601', '2620', '2638', '2815', '2905', '3048', '3089', '3264', '3333', '3488', '3662', '3788', '3839', '3953', '4075', '4125', '4179', '4278', '4279', '4364']",4544,-6|-6|8|-6|-6|7|-4|2|6|-4|2|290|-4|2|288|-4|2|12|-5|-6|5|-5|-6|5|-5|-6|5|-5|-6|4|-5|-6|11|-6|-6|7|-6|-6|5|-7|-6|3|-4|2|6|-4|2|279|-4|2|272|-4|2|273|-4|2|288|-4|2|7|-5|-6|5|-5|-6|5|-5|-6|5|-6|-6|8|-5|-6|4|-5|-6|5|-6|-6|6|-5|-6|5|-5|-6|7|-5|-6|5|-4|2|6|-4|2|273|-4|2|4|-5|-6|5|-5|-6|5|-6|-6|5|-6|-6|5|-6|-6|5|-5|-6|5|-5|-6|4|-5|-6|7|-5|-6|5|-6|-6|10|-5|-6|9|-6|2|6|-4|2|291|-4|2|18|-6|2|5|-6|2|5|-6|2|5|-6|2|5|-5|2|3|-6|2|,13|19|17|13|19|16|9|13|13|10|13|13|15|15|13|11|13|13|12|18|17|12|18|17|12|18|16|13|18|15|12|18|17|13|19|15|14|19|15|14|20|16|11|14|13|10|13|13|13|14|13|11|14|13|11|14|12|11|14|12|13|18|17|12|18|15|12|18|15|22|19|15|12|18|15|12|18|16|13|19|18|12|18|16|12|19|19|13|18|15|12|13|13|10|13|14|11|14|13|12|18|16|12|18|15|13|19|15|13|19|16|13|19|17|12|18|15|12|18|15|12|18|15|12|18|17|14|19|15|13|18|15|13|15|13|10|13|11|9|13|11|10|16|9|10|16|9|10|16|9|10|16|9|8|16|9|10|16|9|,o4421-4443i,"['26', '33', '39', '46', '52', '63', '71', '78', '84', '91', '97', '107', '114', '119', '123', '132', '134', '147', '153', '159', '163', '172', '174', '187', '242', '257', '306', '313', '350', '477', '488', '492', '503', '505', '518', '748', '806', '813', '817', '826', '828', '841', '853', '860', '865', '872', '878', '889', '894', '901', '906', '913', '919', '930', '935', '942', '947', '954', '960', '970', '975', '983', '988', '995', '1001', '1010', '1014', '1021', '1026', '1033', '1039', '1050', '1061', '1068', '1074', '1081', '1087', '1096', '1103', '1111', '1117', '1124', '1130', '1139', '1144', '1151', '1158', '1165', '1171', '1181', '1184', '1191', '1195', '1205', '1207', '1220', '1226', '1232', '1236', '1245', '1247', '1260', '1539', '1548', '1552', '1562', '1564', '1577', '1768', '1811', '1849', '1856', '1860', '1870', '1872', '1885', '2068', '2158', '2165', '2169', '2179', '2181', '2193', '2341', '2403', '2476', '2481', '2488', '2492', '2502', '2504', '2516', '2523', '2531', '2536', '2543', '2549', '2560', '2565', '2572', '2577', '2584', '2590', '2599', '2604', '2611', '2616', '2623', '2629', '2638', '2643', '2659', '2665', '2672', '2678', '2687', '2695', '2702', '2707', '2714', '2720', '2729', '2733', '2740', '2745', '2752', '2758', '2768', '2773', '2780', '2786', '2793', '2799', '2811', '2817', '2824', '2829', '2836', '2842', '2852', '2857', '2864', '2869', '2877', '2883', '2896', '2903', '2911', '2916', '2923', '2929', '2938', '2943', '2951', '2955', '2964', '2966', '2979', '2985', '2991', '2995', '3004', '3006', '3020', '3118', '3293', '3300', '3304', '3314', '3316', '3329', '3333', '3340', '3345', '3352', '3358', '3368', '3373', '3380', '3385', '3392', '3398', '3407', '3412', '3419', '3425', '3432', '3438', '3447', '3452', '3459', '3465', '3472', '3478', '3488', '3493', '3500', '3506', '3513', '3519', '3530', '3535', '3542', '3547', '3554', '3560', '3569', '3574', '3581', '3586', '3593', '3599', '3608', '3612', '3619', '3624', '3631', '3637', '3646', '3653', '3660', '3665', '3672', '3678', '3689', '3694', '3702', '3708', '3715', '3721', '3730', '3740', '3748', '3753', '3760', '3766', '3775', '3784', '3791', '3797', '3806', '3808', '3821', '3827', '3833', '3837', '3846', '3848', '3859', '4150', '4155', '4159', '4168', '4170', '4181', '4199', '4203', '4209', '4219', '4221', '4230', '4235', '4239', '4245', '4255', '4257', '4266', '4271', '4275', '4281', '4291', '4293', '4302', '4307', '4311', '4317', '4327', '4329', '4338', '4343', '4346', '4351', '4362', '4364', '4373', '4376', '4380', '4386', '4396', '4398', '4407']",331,"['114', '136', '185', '239', '274', '357', '446', '729', '928', '1050', '1154', '1155', '1195', '1218', '1511', '1558', '1575', '1616', '1645', '1723', '1733', '1763', '1825', '1933', '1995', '2048', '2117', '2127', '2472', '2502', '2521', '2539', '2601', '2620', '2638', '2815', '2905', '3048', '3089', '3264', '3333', '3488', '3662', '3788', '3839', '3953', '4075', '4125', '4179', '4278', '4279', '4364', '4501']", o4424-4444i,4544,1
Q9UHC9,NPCL1_HUMAN,NPC1-like intracellular cholesterol transporter 1 (Niemann-Pick C1-like protein 1),"['33 90', '39 57', '78 125', '91 129', '113 254', '116 172', '189 197', '243 259', '256 263', '471 485', '525 542', '920 925', '966 1024', '980 989']","['54', '132', '138', '244', '416', '431', '464', '479', '497', '506', '626']",1359,-51|21|-34|-16|-138|17|46|-3|208|40|378|41|-44|,57|18|47|38|141|56|8|16|7|14|17|5|58|9|,o285-307i347-369o635-657i670-692o697-719i740-762o772-794i839-861o1138-1160i1167-1189o1235-1257i1269-1291o,"['32', '38', '56', '77', '89', '90', '112', '115', '124', '128', '171', '188', '196', '242', '253', '255', '258', '262', '291', '470', '484', '485', '524', '541', '749', '756', '809', '810', '811', '864', '919', '924', '965', '966', '979', '988', '992', '1023', '1064', '1145', '1154', '1318']",42,"['54', '132', '138', '244', '416', '431', '464', '479', '497', '506', '626', '909', '927', '1037', '1102', '1335']", o286-307i352-372o633-651i664-690o698-719i743-763o771-795i844-864o1139-1158i1166-1183o1194-1214i1235-1256o1266-1291i,1359,13
O15118,NPC1_HUMAN,NPC intracellular cholesterol transporter 1 (Niemann-Pick C1 protein),"['25 74', '31 42', '63 109', '75 113', '97 238', '100 160', '177 184', '227 243', '240 247', '468 479', '516 533', '909 914', '956 1011', '957 979', '967 976']","['70', '122', '135', '158', '185', '222', '452', '459', '478', '524', '557', '572', '598', '916', '931', '961', '968', '1064', '1072']",1278,-43|21|-34|-16|-138|17|43|-3|221|37|376|42|-54|-12|,49|11|46|38|141|60|7|16|7|11|17|5|55|22|9|,o269-291i351-373o621-643i656-678o683-705i736-758o763-785i1099-1118o1123-1145i1152-1174o1194-1216i1229-1251o,"['15', '24', '30', '41', '62', '73', '74', '96', '99', '108', '112', '159', '176', '183', '226', '237', '239', '242', '246', '291', '322', '323', '333', '345', '351', '363', '467', '478', '515', '532', '644', '669', '777', '798', '799', '815', '908', '913', '955', '956', '966', '975', '978', '1010', '1118', '1127', '1160', '1167', '1260']",49,"['70', '122', '135', '185', '222', '314', '452', '459', '478', '524', '557', '572', '598', '916', '931', '961', '968', '1064', '1072']", o270-290i350-370o621-639i652-678o686-706i731-751o759-783i833-853o1099-1117i1122-1142o1153-1173i1194-1215o1225-1251i,1278,13
P35968,VGFR2_HUMAN,Vascular endothelial growth factor receptor 2 (VEGFR-2) (EC 2.7.10.1) (Fetal liver kinase 1) (FLK-1) (Kinase insert domain receptor) (KDR) (Protein-tyrosine kinase receptor flk-1) (CD antigen CD309),"['53 103', '150 200', '246 307', '445 530', '571 642', '688 737', '1024 1045']","['46', '66', '96', '143', '158', '245', '318', '374', '395', '511', '523', '580', '613', '619', '631', '675', '704', '721']",1356,47|46|138|41|46|287|,50|50|61|85|71|49|21|,o734-756i763-785o,"['13', '52', '78', '84', '102', '149', '161', '199', '245', '306', '444', '465', '481', '529', '570', '602', '641', '653', '687', '736', '739', '744', '816', '861', '904', '918', '1006', '1023', '1044', '1115', '1141', '1200', '1207']",33,"['46', '66', '96', '143', '158', '245', '318', '374', '395', '511', '523', '580', '613', '619', '631', '675', '704', '721', '923', '1256', '1300']", o765-785i,1356,1
Q9Y271,CLTR1_HUMAN,Cysteinyl leukotriene receptor 1 (CysLTR1) (Cysteinyl leukotriene D4 receptor) (LTD4 receptor) (G-protein coupled receptor HG55) (HMTMF81),['96 173'],"['6', '169', '180', '262']",337,Only One pair,77|,o26-48i61-83o98-120i141-160o195-217i230-252o277-299i,"['13', '71', '73', '95', '108', '121', '143', '172', '207', '266', '287', '288', '334']",13,"['6', '169', '180', '224', '262']", o25-49i60-81o94-119i140-160o186-211i234-255o277-298i,337,7
O00590,ACKR2_HUMAN,Atypical chemokine receptor 2 (C-C chemokine receptor D6) (Chemokine receptor CCR-10) (Chemokine receptor CCR-9) (Chemokine-binding protein 2) (Chemokine-binding protein D6),['117 195'],['19'],384,Only One pair,78|,o49-71i84-106o121-140i161-183o216-238i251-273o293-315i,"['35', '116', '136', '194', '234', '283', '304', '305', '346']",9,"['19', '267', '381']", o47-72i83-107o115-140i161-181o208-231i251-272o292-315i,384,7
Q8WTR4,GDPD5_HUMAN,Glycerophosphodiester phosphodiesterase domain-containing protein 5 (EC 3.1.4.11) (Glycerophosphodiester phosphodiesterase 2),"['15 18', '25 571']","['301', '336', '352', '374', '448']",605,7|,3|546|,i43-65o87-109i122-144o159-181i193-215o498-517i,"['14', '17', '24', '109', '196', '216', '339', '466', '496', '570']",10,"['301', '336', '352', '374', '448', '581']", i43-63o86-113i123-143o160-180i193-213o498-517i,605,6
O95477,ABCA1_HUMAN,Phospholipid-transporting ATPase ABCA1 (EC 7.6.2.1) (ATP-binding cassette sub-family A member 1) (ATP-binding cassette transporter 1) (ABC-1) (ATP-binding cassette 1) (Cholesterol efflux regulatory protein),"['75 309', '1463 1477']","['14', '98', '151', '161', '196', '244', '292', '337', '349', '400', '478', '489', '521', '820', '1144', '1294', '1453', '1504', '1637', '2044', '2238']",2261,1154|,234|14|,i25-47o639-661i681-703o718-740i745-767o1346-1368i1655-1677o1702-1724i1737-1759o1769-1791i1848-1870o,"['2', '22', '53', '74', '80', '194', '214', '308', '354', '503', '625', '732', '748', '763', '790', '859', '886', '977', '1109', '1110', '1141', '1280', '1358', '1417', '1428', '1462', '1464', '1476', '1659', '1707', '1722', '1813', '1932', '1940', '1990', '2085', '2106', '2110', '2123']",39,"['14', '98', '151', '161', '196', '244', '292', '337', '349', '400', '478', '489', '521', '820', '1144', '1294', '1453', '1504', '1637', '1780', '2044', '2238']", i22-42o632-652i685-706o724-736i745-765o821-841i1351-1371o1703-1723i1735-1755o1768-1788i1806-1820o1848-1868i,2261,12
P02489,CRYAA_HUMAN,Alpha-crystallin A chain (Heat shock protein beta-4) (HspB4) [Cleaved into: Alpha-crystallin A(1-172); Alpha-crystallin A(1-168); Alpha-crystallin A(1-162)],['131 142'],[],173,Only One pair,11|,o,"['130', '141']",2,[], i,173,0
Q8WZ75,ROBO4_HUMAN,Roundabout homolog 4 (Magic roundabout),"['53 114', '158 207']","['246', '360', '389', '396', '680']",1007,44|,61|49|,o,"['52', '113', '157', '206', '416', '435', '473', '487', '557', '617', '624', '670', '756', '800', '857', '862', '927', '993']",18,"['246', '360', '389', '396', '655', '680', '948']", o469-489i,1007,1
Q99624,S38A3_HUMAN,Sodium-coupled neutral amino acid transporter 3 (N-system amino acid transporter 1) (Na(+)-coupled neutral amino acid transporter 3) (Solute carrier family 38 member 3) (System N amino acid transporter 1),['240 275'],"['74', '247', '248', '252', '323']",504,Only One pair,35|,o67-89i96-118o143-164i185-207o211-233i324-346o366-388i408-430o434-456i469-491o,"['41', '222', '239', '274', '298', '367', '416', '472']",8,"['74', '247', '248', '252', '323']", i70-90o96-114i144-164o187-207i213-233o286-301i321-344o364-386i404-425o432-452i469-491o,504,11
Q99835,SMO_HUMAN,Smoothened homolog (SMO) (Protein Gx),"['70 134', '78 127', '118 154', '147 169', '193 213', '217 295', '314 390', '490 507']","['35', '188', '309']",787,-56|-9|-7|24|4|19|100|,64|49|36|22|20|78|76|17|,i232-254o264-286i317-339o359-381i402-424o450-472i520-537o,"['63', '69', '77', '117', '126', '133', '146', '153', '168', '177', '192', '212', '216', '243', '272', '294', '313', '389', '468', '489', '506', '549', '682', '711', '724', '737']",26,"['35', '188', '309', '446', '493']", o232-254i265-285o313-337i359-378o399-424i447-471o519-538i,787,7
Q8IYL9,PSYR_HUMAN,Psychosine receptor (G-protein coupled receptor 65) (T-cell death-associated gene 8 protein),['87 170'],"['2', '79', '166']",337,Only One pair,83|,o15-37i49-71o91-110i130-152o181-203i224-246o271-293i,"['4', '36', '86', '106', '159', '169', '188', '201', '237', '249', '282', '290', '307', '311']",14,"['2', '79', '166', '313']", o15-40i49-71o85-110i130-151o179-204i227-251o271-293i,337,7
Q8NH90,O5AK2_HUMAN,Olfactory receptor 5AK2,['97 189'],"['5', '155', '265']",309,Only One pair,92|,o26-48i61-78o98-120i140-162o196-218i238-260o275-292i,"['24', '71', '96', '111', '126', '140', '163', '168', '178', '188', '240']",11,"['5', '155', '265']", o25-49i59-79o98-120i144-164o194-222i245-256o273-290i,309,7
P35498,SCN1A_HUMAN,Sodium channel protein type 1 subunit alpha (Sodium channel protein brain I subunit alpha) (Sodium channel protein type I subunit alpha) (Voltage-gated sodium channel subunit alpha Nav1.1),"['277 345', '959 968']","['211', '284', '295', '301', '306', '338', '1378', '1392', '1403']",2009,614|,68|9|,i125-147o190-212i219-241o251-273i401-423o764-786i799-821o886-908i969-991o1218-1237i1258-1280o1347-1369i1418-1440o1460-1482i1542-1561o1571-1593i1600-1622o1673-1695i1763-1785o,"['135', '141', '178', '256', '276', '335', '344', '350', '646', '733', '736', '749', '776', '918', '920', '926', '948', '958', '967', '1060', '1179', '1184', '1190', '1191', '1210', '1284', '1353', '1375', '1395', '1551', '1587', '1715', '1740', '1755', '1863', '1981']",36,"['211', '284', '295', '301', '306', '338', '601', '621', '681', '892', '1064', '1080', '1146', '1378', '1392', '1403', '1788']", i129-147o161-174i192-208o209-218i250-270o400-418i769-787o799-811i812-822o837-852i890-909o970-987i1219-1237o1258-1273i1347-1364o1460-1480i1542-1560o1572-1583i1584-1593o1606-1622i1669-1689o1761-1781i,2009,22
O43614,OX2R_HUMAN,Orexin receptor type 2 (Ox-2-R) (Ox2-R) (Ox2R) (Hypocretin receptor type 2),['127 210'],"['14', '22', '202']",444,Only One pair,83|,o57-79i92-114o129-150i171-190o222-244i304-326o341-363i,"['11', '75', '106', '126', '146', '156', '180', '192', '209', '225', '236', '251', '315', '380', '381', '382']",16,"['14', '22', '95', '202', '416']", o52-77i91-116o125-146i169-191o218-244i305-330o344-367i,444,7
O60704,TPST2_HUMAN,Protein-tyrosine sulfotransferase 2 (EC 2.8.2.20) (Tyrosylprotein sulfotransferase 2) (TPST-2),"['96 156', '225 233']","['343', '368']",377,69|,60|8|,i7-29o,"['13', '30', '95', '155', '209', '224', '232']",7,"['343', '368']", o25i,377,1
Q9UQD0,SCN8A_HUMAN,Sodium channel protein type 8 subunit alpha (Sodium channel protein type VIII subunit alpha) (Voltage-gated sodium channel subunit alpha Nav1.6),"['281 333', '944 953']","['215', '289', '295', '308', '326', '1358', '1372', '1383']",1980,611|,52|9|,i129-151o194-216i223-245o255-277i389-411o749-771i784-806o871-893i954-976o1198-1217i1238-1260o1270-1292i1319-1341o1442-1464i1526-1543o1553-1571i1584-1606o1654-1676i1743-1765o,"['139', '145', '182', '260', '280', '323', '332', '338', '644', '718', '721', '734', '761', '903', '905', '911', '933', '943', '952', '1043', '1159', '1164', '1170', '1171', '1190', '1264', '1333', '1355', '1375', '1532', '1566', '1568', '1696', '1720', '1735', '1805', '1843', '1916', '1979']",39,"['215', '289', '295', '308', '326', '544', '640', '877', '1047', '1064', '1091', '1358', '1372', '1383', '1768']", i133-151o165-178i196-206o207-219i254-274o388-406i754-772o784-805i819-836o837-846i875-894o954-972i1199-1217o1235-1246i1247-1257o1269-1284i1327-1344o1445-1460i1523-1541o1553-1567i1586-1596o1597-1606i1650-1670o1741-1765i,1980,24
Q06495,NPT2A_HUMAN,Sodium-dependent phosphate transport protein 2A (Sodium-phosphate transport protein 2A) (Na(+)-dependent phosphate cotransporter 2A) (NaPi-3) (Sodium/phosphate cotransporter 2A) (Na(+)/Pi cotransporter 2A) (NaPi-2a) (Solute carrier family 34 member 1),"['225 522', '306 336']","['298', '323', '330']",639,-216|,297|30|,o106-128i141-163o183-205i226-248o348-370i393-415o470-492i513-535o539-561i,"['61', '63', '115', '224', '305', '335', '362', '364', '475', '492', '521', '598', '599']",13,"['298', '323', '330', '481', '635']", i101-121o152-167i222-237o349-369i403-413o414-423i451-460o471-491i513-533o540-560i,639,10
Q99250,SCN2A_HUMAN,Sodium channel protein type 2 subunit alpha (HBSC II) (Sodium channel protein brain II subunit alpha) (Sodium channel protein type II subunit alpha) (Voltage-gated sodium channel subunit alpha Nav1.2),"['278 338', '912 918', '950 959', '1366 1386', '1731 1746']","['212', '285', '291', '297', '303', '308', '340', '1368', '1382', '1393']",2005,574|32|407|345|,60|6|9|20|15|,i126-148o251-270i403-425o755-777i790-812o877-899i960-982o1208-1227i1248-1270o1280-1302i1329-1351o1451-1473i1532-1551o1561-1583i1590-1612o1663-1685i1753-1775o,"['136', '142', '179', '257', '277', '337', '346', '352', '649', '724', '727', '735', '740', '741', '767', '909', '911', '917', '939', '949', '958', '1051', '1169', '1174', '1180', '1181', '1200', '1274', '1343', '1365', '1385', '1541', '1577', '1705', '1730', '1745', '1853', '1939']",38,"['212', '285', '291', '297', '303', '308', '340', '604', '624', '883', '1055', '1072', '1136', '1368', '1382', '1393', '1778', '1957']", i130-148o162-175i193-209o210-219i251-271o402-420i760-778o790-800i801-811o825-843i881-900o961-978i1209-1227o1245-1256i1257-1266o1279-1294i1337-1354o1449-1469i1532-1551o1562-1573i1574-1583o1596-1612i1659-1679o1751-1771i,2005,24
P25105,PTAFR_HUMAN,Platelet-activating factor receptor (PAF-R) (PAFr),['90 173'],['169'],342,Only One pair,83|,o20-42i55-77o92-114i135-154o187-209i230-252o274-296i,"['45', '89', '94', '102', '172', '204', '234', '243', '279', '285', '293', '316']",12,"['58', '169']", o17-41i52-75o88-113i134-154o182-207i231-257o274-296i,342,7
Q9P1P4,TAAR3_HUMAN,Putative trace amine-associated receptor 3 (TaR-3) (Trace amine receptor 3) (hTaar3) (G-protein coupled receptor 57),['104 189'],['145'],343,Only One pair,85|,i68-90o117-139i151-168o196-218i257-279o294-316i,"['12', '29', '95', '103', '122', '133', '154', '184', '188', '204', '267', '271', '303']",13,"['145', '301']", o42-56i68-90o106-127i148-169o196-218i258-278o289-312i,343,7
P43657,LPAR6_HUMAN,Lysophosphatidic acid receptor 6 (LPA receptor 6) (LPA-6) (Oleoyl-L-alpha-lysophosphatidic acid receptor) (P2Y purinoceptor 5) (P2Y5) (Purinergic receptor 5) (RB intron encoded G-protein coupled receptor),['89 168'],['5'],344,Only One pair,79|,o20-42i55-77o100-122i135-154o179-201i230-252o272-294i,"['8', '21', '35', '43', '88', '108', '136', '167', '202', '238', '240', '262', '277', '283', '284']",15,"['5', '12', '50', '163', '200', '223', '262', '306', '340']", o19-43i52-75o87-112i132-154o180-205i230-252o272-294i,344,7
Q13061,TRDN_HUMAN,Triadin,[],"['75', '647']",729,No pair,,i49-71o,"['269', '690']",2,"['9', '21', '75', '647']", i48-58o59-68i,729,2
Q9Y6M7,S4A7_HUMAN,Sodium bicarbonate cotransporter 3 (Electroneutral Na/HCO(3) cotransporter) (Sodium bicarbonate cotransporter 2) (Sodium bicarbonate cotransporter 2b) (Bicarbonate transporter) (Solute carrier family 4 member 7),"['766 768', '802 814']","['171', '269', '398', '406', '776', '786', '791']",1214,34|,2|12|,o609-631i652-674o689-708i715-737o820-842i862-881o910-929i950-972o1010-1029i1036-1055o1096-1118i,"['119', '167', '298', '607', '616', '618', '681', '703', '716', '731', '765', '767', '801', '813', '827', '922', '964', '992', '1091', '1124']",20,"['171', '269', '398', '406', '554', '776', '786', '791', '796']", i609-626o644-658i694-704o705-716i726-740o824-842i858-878o910-929i955-969o970-979i1010-1029o1032-1046i1082-1099o1106-1118i,1214,14
O75762,TRPA1_HUMAN,Transient receptor potential cation channel subfamily A member 1 (Ankyrin-like with transmembrane domains protein 1) (Transformation-sensitive protein p120) (Wasabi receptor),"['192 665', '462 665', '608 621', '621 665', '633 856']","['747', '753']",1119,-203|-57|0|-32|,473|203|13|44|223|,o718-740i805-824o828-850i870-892o939-961i,"['58', '103', '172', '191', '198', '212', '257', '272', '307', '413', '420', '461', '539', '607', '620', '632', '640', '650', '664', '702', '726', '772', '785', '833', '855', '1020', '1024', '1084']",28,"['176', '303', '436', '747', '753']", i720-740o765-785i804-824o830-850i874-894o935-956i,1119,6
Q9NSD7,RL3R1_HUMAN,Relaxin-3 receptor 1 (RLN3 receptor 1) (G protein-coupled receptor SALPR) (G-protein coupled receptor GPCR135) (Relaxin family peptide receptor 3) (Somatostatin- and angiotensin-like peptide receptor),['155 247'],"['36', '40']",469,Only One pair,92|,o82-104i117-139o157-179i217-239o272-294i330-352o367-389i,"['91', '154', '200', '201', '209', '210', '217', '246', '285', '337', '365', '375', '382', '389']",14,"['36', '40']", o82-105i119-140o153-178i215-235o265-288i327-351o368-392i,469,7
Q14524,SCN5A_HUMAN,Sodium channel protein type 5 subunit alpha (HH1) (Sodium channel protein cardiac muscle subunit alpha) (Sodium channel protein type V subunit alpha) (Voltage-gated sodium channel subunit alpha Nav1.5),"['280 335', '906 915']","['214', '283', '288', '291', '318', '328', '740', '803', '864', '1365', '1374', '1380', '1388', '1736']",2016,571|,55|9|,i127-149o193-215i222-244o254-276i391-413o714-736i749-771o781-798i839-861o876-895i916-938o1205-1224i1245-1262o1277-1299i1326-1348o1448-1470i1530-1547o1557-1577i1590-1612o1660-1682i1747-1769o,"['138', '144', '181', '259', '279', '325', '334', '340', '372', '488', '596', '648', '682', '685', '698', '699', '725', '895', '905', '914', '980', '981', '1003', '1045', '1127', '1135', '1166', '1171', '1175', '1177', '1178', '1197', '1271', '1340', '1362', '1383', '1538', '1574', '1702', '1727', '1741', '1849']",42,"['214', '283', '288', '291', '318', '328', '548', '592', '740', '803', '841', '864', '946', '1365', '1374', '1380', '1388', '1736', '1774', '1955']", i132-149o159-177i195-206o207-218i253-273o388-408i723-736o751-761i762-771o783-798i839-858o916-934i1206-1224o1242-1253i1254-1263o1276-1291i1334-1351o1448-1465i1529-1547o1559-1577i1592-1602o1603-1612i1656-1676o1746-1771i,2016,24
P51686,CCR9_HUMAN,C-C chemokine receptor type 9 (C-C CKR-9) (CC-CKR-9) (CCR-9) (G-protein coupled receptor 28) (GPR-9-6) (CD antigen CDw199),"['38 289', '119 198']",['32'],369,-170|,251|79|,o52-74i86-108o128-147i167-189o220-242i255-277o299-321i,"['37', '75', '118', '132', '138', '168', '179', '197', '231', '232', '271', '288', '297', '310', '336']",15,['32'], o50-72i85-109o117-142i164-186o212-236i255-279o297-321i,369,7
P35499,SCN4A_HUMAN,Sodium channel protein type 4 subunit alpha (SkM1) (Sodium channel protein skeletal muscle subunit alpha) (Sodium channel protein type IV subunit alpha) (Voltage-gated sodium channel subunit alpha Nav1.4),"['280 360', '369 375', '731 737', '769 778', '1189 1209', '1553 1568']","['214', '288', '291', '297', '303', '315', '321', '333', '362', '1191', '1205']",1836,9|356|32|411|344|,80|6|6|9|20|15|,i128-150o195-217i224-246o250-272i425-447o574-596i609-631o646-668i697-719o781-803i824-846o1031-1050i1071-1093o1097-1119i1152-1174o1273-1295i1349-1371o1384-1406i1411-1433o1485-1507i1573-1595o,"['6', '15', '144', '181', '259', '279', '359', '368', '374', '505', '543', '550', '559', '560', '586', '728', '730', '736', '758', '768', '777', '964', '992', '997', '1003', '1023', '1097', '1166', '1188', '1208', '1363', '1399', '1527', '1552', '1567', '1575', '1578', '1675', '1729']",39,"['214', '288', '291', '297', '303', '315', '321', '333', '362', '507', '702', '961', '1191', '1205', '1376', '1786']", i132-150o164-177i195-205o206-218i253-273o424-444i579-597o612-632i644-655o656-665i703-719o780-797i1032-1043o1046-1055i1071-1086o1102-1117i1160-1179o1270-1290i1354-1372o1384-1404i1421-1437o1441-1450i1483-1501o1573-1597i,1836,24
Q9UNG2,TNF18_HUMAN,Tumor necrosis factor ligand superfamily member 18 (Activation-inducible TNF-related ligand) (AITRL) (Glucocorticoid-induced TNF-related ligand) (hGITRL),['80 100'],"['151', '183']",199,Only One pair,20|,i49-71o,"['9', '23', '51', '60', '79', '99']",6,"['151', '183']", i26-49o,177,1
Q8IZM9,S38A6_HUMAN,Probable sodium-coupled neutral amino acid transporter 6 (N-system amino acid transporter 1) (NAT-1) (Na(+)-coupled neutral amino acid transporter 6) (Solute carrier family 38 member 6),['218 238'],"['233', '283']",456,Only One pair,20|,i49-71o76-98i111-133o162-184i189-211o251-273i286-308o328-350i367-389o394-416i429-451o,"['99', '174', '217', '237', '261', '270', '334', '404']",8,"['233', '283', '443']", i51-69o75-95i124-145o165-185i188-211o249-267i284-307o327-347i370-388o394-416i429-451o,456,11
P02708,ACHA_HUMAN,Acetylcholine receptor subunit alpha,"['173 187', '237 238']",['186'],482,50|,14|1|,o258-280i292-309o319-341i454-476o,"['12', '88', '172', '186', '236', '237', '266', '462']",8,['186'], o231-256i263-281o298-318i429-451o,457,4
P15151,PVR_HUMAN,Poliovirus receptor (Nectin-like protein 5) (NECL-5) (CD antigen CD155),"['49 123', '166 221', '266 312']","['105', '120', '188', '218', '237', '278', '307', '313', '360', '352']",417,43|45|,74|55|46|,o345-367i,"['48', '122', '165', '220', '265', '311', '369', '377', '380']",9,"['105', '120', '188', '218', '237', '278', '307', '313', '405']", o345-365i,417,1
Q8NH41,OR4KF_HUMAN,Olfactory receptor 4K15 (Olfactory receptor OR14-20),['121 213'],"['26', '29']",348,Only One pair,92|,o50-72i85-107o122-144i164-186o227-249i262-284o294-313i,"['8', '95', '120', '150', '164', '192', '202', '212', '277']",9,"['26', '29', '89', '251']", o26-49i62-82o98-120i142-164o195-223i244-259o270-287i,324,7
Q99677,LPAR4_HUMAN,Lysophosphatidic acid receptor 4 (LPA receptor 4) (LPA-4) (G-protein coupled receptor 23) (P2Y purinoceptor 9) (P2Y9) (P2Y5-like receptor) (Purinergic receptor 9),['111 188'],"['15', '24', '28', '183']",370,Only One pair,77|,o42-64i76-98o113-134i155-177o206-228i254-276o291-313i,"['30', '64', '89', '110', '130', '158', '187', '222', '260', '282', '297', '303', '304']",13,"['15', '24', '28', '183', '220']", o41-66i76-97o109-134i154-175o200-226i250-275o291-314i,370,7
O00254,PAR3_HUMAN,Proteinase-activated receptor 3 (PAR-3) (Coagulation factor II receptor-like 2) (Thrombin receptor-like 2),['166 245'],"['25', '82', '331']",374,Only One pair,79|,o99-121i130-152o167-189i209-231o261-283i304-323o338-360i,"['18', '69', '126', '142', '165', '178', '185', '213', '244', '251', '280', '312', '344', '351']",14,"['25', '82', '331', '366']", o96-120i129-151o164-189i209-231o258-286i302-323o339-361i,374,7
Q9NY46,SCN3A_HUMAN,Sodium channel protein type 3 subunit alpha (Sodium channel protein brain III subunit alpha) (Sodium channel protein type III subunit alpha) (Voltage-gated sodium channel subtype III) (Voltage-gated sodium channel subunit alpha Nav1.3),"['277 346', '951 960']","['211', '290', '296', '302', '307', '339', '1366', '1380']",2000,605|,69|9|,o98-117i124-146o190-212i219-241o251-273i402-424o756-778i791-813o878-900i961-983o1206-1225i1246-1268o1278-1300i1327-1349o1446-1468i1527-1546o1556-1578i1585-1607o1658-1680i1748-1770o,"['135', '141', '178', '256', '276', '336', '345', '351', '552', '649', '725', '728', '741', '742', '768', '910', '912', '918', '940', '950', '959', '1024', '1047', '1167', '1172', '1179', '1198', '1272', '1341', '1363', '1383', '1536', '1700', '1725', '1740', '1848', '1912']",37,"['211', '290', '296', '302', '307', '339', '624', '884', '1051', '1068', '1134', '1366', '1380', '1773', '1922', '1952']", i129-147o161-174i192-202o203-215i250-270o401-419i761-779o791-812i826-840o841-850i882-901o961-979i1207-1225o1243-1254i1255-1264o1277-1292i1335-1352o1446-1464i1527-1545o1561-1578i1590-1600o1601-1610i1654-1674o1746-1766i,2000,24
P01848,TRAC_HUMAN,T cell receptor alpha constant,['22 72'],"['32', '66', '77', '113']",140,Only One pair,50|,o,"['21', '71', '93']",3,"['34', '68', '79', '115']", i,140,0
Q15858,SCN9A_HUMAN,Sodium channel protein type 9 subunit alpha (Neuroendocrine sodium channel) (hNE-Na) (Peripheral sodium channel 1) (PN1) (Sodium channel protein type IX subunit alpha) (Voltage-gated sodium channel subunit alpha Nav1.7),"['275 324', '897 903', '935 944', '1350 1370', '1715 1730']","['209', '283', '1352', '1366', '1375']",1988,573|32|406|345|,49|6|9|20|15|,i123-145o188-210i217-239o249-271i339-358o378-400i738-760o775-797i804-826o862-884i945-967o1192-1211i1232-1254o1321-1343i1392-1414o1434-1456i1511-1533o1548-1567i1574-1596o1647-1669i1737-1759o,"['133', '139', '176', '254', '274', '314', '323', '329', '623', '669', '709', '725', '735', '752', '894', '896', '902', '924', '934', '943', '1126', '1153', '1158', '1164', '1165', '1184', '1258', '1327', '1349', '1369', '1506', '1525', '1561', '1689', '1714', '1729', '1837']",37,"['101', '209', '283', '533', '581', '601', '725', '868', '975', '1040', '1120', '1352', '1366', '1375', '1762', '1911', '1940']", i127-145o155-172i190-200o201-213i248-268o377-397i745-763o778-798i810-822o823-834i866-885o945-963i1193-1204o1207-1216i1232-1247o1263-1278i1321-1338o1431-1453i1516-1534o1546-1557i1558-1567o1580-1595i1643-1663o1735-1755i,1988,24
P55085,PAR2_HUMAN,"Proteinase-activated receptor 2 (PAR-2) (Coagulation factor II receptor-like 1) (G-protein coupled receptor 11) (Thrombin receptor-like 1) [Cleaved into: Proteinase-activated receptor 2, alternate cleaved 1; Proteinase-activated receptor 2, alternate cleaved 2]",['148 226'],"['30', '222']",397,Only One pair,78|,i7-29o80-102i115-137o147-169i190-212o242-264i288-310o325-347i,"['21', '147', '160', '167', '225', '298', '330', '337', '360']",9,"['30', '222']", o76-102i110-133o146-171i190-212o239-264i286-313o325-347i,397,7
Q13304,GPR17_HUMAN,Uracil nucleotide/cysteinyl leukotriene receptor (UDP/CysLT receptor) (G-protein coupled receptor 17) (P2Y-like receptor) (R12),['132 209'],"['42', '204', '282']",367,Only One pair,77|,o62-84i97-119o134-153i174-196o222-244i264-281o,"['50', '107', '131', '151', '179', '208', '238', '274', '296', '311', '336', '340']",12,"['42', '204', '282', '357']", o62-85i96-117o135-155i178-198o222-244i262-288o306-328i,367,7
O43278,SPIT1_HUMAN,Kunitz-type protease inhibitor 1 (Hepatocyte growth factor activator inhibitor type 1) (HAI-1),"['250 300', '259 283', '275 296', '335 347', '342 360', '354 369', '391 441', '400 424', '416 437']","['66', '235', '523']",529,-41|-8|39|-5|-6|22|-41|-8|,50|24|21|12|18|15|50|24|21|,i12-34o466-488i,"['25', '49', '86', '90', '91', '96', '115', '120', '128', '249', '258', '274', '282', '295', '299', '330', '334', '341', '345', '346', '353', '359', '368', '390', '399', '415', '423', '436', '440', '474', '485']",31,"['66', '235', '523']", o468-488i,529,1
Q15743,OGR1_HUMAN,Ovarian cancer G-protein coupled receptor 1 (OGR-1) (G-protein coupled receptor 68) (GPR12A) (Sphingosylphosphorylcholine receptor),['94 172'],"['3', '8']",365,Only One pair,78|,o24-46i58-80o95-117i137-159o187-209i230-252o267-289i,"['12', '39', '60', '71', '93', '96', '112', '113', '171', '198', '239', '257', '278', '286', '303', '309']",16,"['3', '8', '62', '86']", o23-47i56-78o92-117i137-158o182-206i229-250o267-289i,365,7
Q8NH89,O5AK3_HUMAN,Putative olfactory receptor 5AK3,['97 189'],"['5', '155', '265']",298,Only One pair,92|,o27-49i98-120o140-162i175-197o207-226i238-260o275-292i,"['71', '96', '111', '121', '126', '168', '178', '188', '240']",9,"['5', '155', '265']", o26-49i62-77o98-120i144-166o196-223i245-256o273-290i,298,7
P47898,5HT5A_HUMAN,5-hydroxytryptamine receptor 5A (5-HT-5) (5-HT-5A) (5-HT5A) (Serotonin receptor 5A),['120 192'],"['6', '21']",357,Only One pair,72|,o35-57i78-100o115-137i157-179o199-221i285-307o322-341i,"['113', '119', '123', '124', '155', '191', '213', '296', '310', '312']",10,"['6', '21', '131']", o40-65i78-99o116-137i159-179o200-221i286-307o321-341i,357,7
Q8NH48,OR5B3_HUMAN,Olfactory receptor 5B3 (Olfactory receptor 5B13) (Olfactory receptor OR11-239),['95 187'],"['3', '17', '153']",314,Only One pair,92|,o25-47i59-81o96-118i138-157o195-224i236-258o273-290i,"['51', '69', '94', '124', '138', '148', '166', '176', '186', '238']",10,"['3', '17', '63', '153']", o23-47i57-77o96-118i142-164o195-221i240-258o271-288i,314,7
P41231,P2RY2_HUMAN,P2Y purinoceptor 2 (P2Y2) (ATP receptor) (P2U purinoceptor 1) (P2U1) (P2U receptor 1) (Purinergic receptor),['106 183'],"['9', '13']",377,Only One pair,77|,o37-59i71-93o108-130i153-175o195-217i247-269o,"['24', '43', '48', '59', '105', '118', '125', '131', '163', '182', '216', '256', '277', '299']",14,"['9', '13', '66']", o34-59i70-91o104-129i149-171o195-220i246-271o283-309i,377,7
P05120,PAI2_HUMAN,Plasminogen activator inhibitor 2 (PAI-2) (Monocyte Arg-serpin) (Placental plasminogen activator inhibitor) (Serpin B2) (Urokinase inhibitor),['5 405'],"['75', '115', '339']",415,Only One pair,400|,o,"['4', '78', '144', '160', '404']",5,"['75', '115', '339']", i,415,0
P25116,PAR1_HUMAN,Proteinase-activated receptor 1 (PAR-1) (Coagulation factor II receptor) (Thrombin receptor),['175 254'],"['35', '62', '75', '250', '259']",425,Only One pair,79|,o107-129i142-164o174-196i217-239o269-291i312-334o349-371i,"['11', '15', '174', '183', '222', '253', '288', '295', '319', '324', '355', '357', '363', '364', '377', '386', '387', '410']",18,"['35', '62', '75', '250', '259', '304', '398', '416']", o103-128i137-160o173-198i217-239o266-291i312-339o352-374i,425,7
O00574,CXCR6_HUMAN,C-X-C chemokine receptor type 6 (CXC-R6) (CXCR-6) (CDw186) (G-protein coupled receptor STRL33) (G-protein coupled receptor bonzo) (CD antigen CD186),['102 180'],['16'],342,Only One pair,78|,o37-59i68-90o110-132i153-175o190-212i232-254o269-291i,"['35', '43', '81', '101', '121', '179', '209', '281', '307']",9,['16'], o32-55i68-88o100-125i149-169o189-213i232-253o268-291i,342,7
Q9UBL9,P2RX2_HUMAN,P2X purinoceptor 2 (P2X2) (ATP receptor) (Purinergic receptor),"['21 439', '125 176', '136 159', '142 170', '226 236', '270 279']","['133', '194', '310']",471,-314|-40|-17|56|34|,418|51|23|28|10|9|,i42-64o,"['20', '124', '135', '141', '158', '169', '175', '225', '235', '269', '278', '358', '381', '428', '438']",15,"['133', '194', '310']", i41-62o342-367i,471,2
O14511,NRG2_HUMAN,"Pro-neuregulin-2, membrane-bound isoform (Pro-NRG2) [Cleaved into: Neuregulin-2 (NRG-2) (Divergent of neuregulin-1) (DON-1) (Neural- and thymus-derived activator for ERBB kinases) (NTAK)]","['257 311', '345 359', '353 370', '372 381']","['52', '53', '147', '278', '346']",850,34|-6|2|,54|14|17|9|,o406-428i,"['4', '5', '18', '111', '184', '229', '232', '256', '310', '344', '352', '358', '369', '371', '380', '412', '422', '427', '445', '498', '504', '546', '551', '690', '718', '812']",26,"['52', '53', '147', '278', '346', '451']", i98-107o406-426i,850,2
P21730,C5AR1_HUMAN,C5a anaphylatoxin chemotactic receptor 1 (C5a anaphylatoxin chemotactic receptor) (C5a-R) (C5aR) (CD antigen CD88),['109 188'],['5'],350,Only One pair,79|,o39-61i74-96o116-138i151-173o204-226i243-265o285-304i,"['85', '108', '143', '156', '187', '220', '284', '292', '293']",9,['5'], o35-64i71-94o106-132i153-174o197-224i241-267o281-304i,350,7
Q6UXM1,LRIG3_HUMAN,Leucine-rich repeats and immunoglobulin-like domains protein 3 (LIG-3),"['520 581', '624 676', '718 767']","['122', '156', '274', '442', '469', '515', '688', '729', '905', '987', '999', '1016']",1119,43|42|,61|52|49|,o805-827i,"['17', '46', '50', '52', '59', '309', '352', '447', '449', '471', '492', '519', '580', '623', '675', '717', '766', '789', '816', '817', '839', '900', '919', '947', '969', '972', '980', '1013', '1061', '1097']",30,"['122', '156', '274', '442', '469', '515', '688', '729', '905', '987', '999', '1016']", o810-830i,1119,1
Q96P68,OXGR1_HUMAN,2-oxoglutarate receptor 1 (Alpha-ketoglutarate receptor 1) (G-protein coupled receptor 80) (G-protein coupled receptor 99) (P2Y purinoceptor 15) (P2Y15) (P2Y-like GPCR) (P2Y-like nucleotide receptor),['106 183'],"['10', '23', '176', '179']",337,Only One pair,77|,o38-60i72-94o114-136i149-171o200-222i242-260o,"['23', '76', '105', '125', '132', '140', '148', '153', '182', '207', '216', '233', '252', '273', '313', '318']",16,"['10', '23', '176', '179']", o35-60i70-90o104-129i150-170o195-219i242-263o283-305i,337,7
O43613,OX1R_HUMAN,Orexin receptor type 1 (Ox-1-R) (Ox1-R) (Ox1R) (Hypocretin receptor type 1),['119 202'],['194'],425,Only One pair,83|,o49-71i84-106o121-142i163-182o214-236i300-319o,"['67', '98', '118', '148', '184', '201', '217', '309', '338', '374', '375', '382', '405']",13,"['87', '194']", o45-69i83-108o117-142i161-182o214-236i299-324o338-361i,425,7
O00398,P2Y10_HUMAN,Putative P2Y purinoceptor 10 (P2Y10) (P2Y-like receptor),['106 181'],"['16', '26', '178']",339,Only One pair,75|,o37-59i72-94o114-136i148-170o194-216i245-267o282-304i,"['24', '59', '105', '108', '121', '125', '131', '163', '180', '216', '247', '254', '276', '289', '291', '296', '297']",17,"['16', '26', '75', '178']", o36-60i70-92o104-129i150-170o195-219i244-266o282-309i,339,7
Q15077,P2RY6_HUMAN,P2Y purinoceptor 6 (P2Y6),['99 177'],['5'],328,Only One pair,78|,o27-49i62-84o104-122i143-165o194-216i241-258o,"['17', '45', '51', '76', '98', '118', '128', '147', '158', '176', '210', '212', '216', '219', '272']",15,"['5', '173']", o27-52i62-84o97-122i143-165o189-214i240-265o278-304i,328,7
Q99527,GPER1_HUMAN,G-protein coupled estrogen receptor 1 (Chemoattractant receptor-like 2) (Flow-induced endothelial G-protein coupled receptor 1) (FEG-1) (G protein-coupled estrogen receptor 1) (G-protein coupled receptor 30) (GPCR-Br) (IL8-related receptor DRY12) (Lymphocyte-derived G-protein coupled receptor) (LYGPR) (Membrane estrogen receptor) (mER),['130 207'],"['25', '32', '44']",375,Only One pair,77|,o63-85i97-119o134-153i174-196o219-241i262-284o304-326i,"['62', '129', '164', '177', '204', '206', '232', '270', '293', '317', '351']",11,"['25', '32', '44', '84']", o60-85i96-117o128-153i174-194o216-236i260-284o308-328i,375,7
P29274,AA2AR_HUMAN,Adenosine receptor A2a,"['71 159', '74 146', '77 166', '259 262']",['154'],412,-85|-69|93|,88|72|89|3|,o10-32i44-66o76-98i121-143o179-201i230-252o267-289i,"['27', '70', '73', '76', '81', '127', '145', '158', '165', '184', '244', '253', '258', '261', '393']",15,"['39', '154', '348']", o8-29i44-68o75-100i122-144o172-198i236-259o265-288i,412,7
P14625,ENPL_HUMAN,Endoplasmin (94 kDa glucose-regulated protein) (GRP-94) (Heat shock protein 90 kDa beta member 1) (Tumor rejection antigen 1) (gp96 homolog),[],"['62', '107', '217', '445', '481', '502']",803,No pair,,o,"['9', '10', '137', '575', '644']",5,"['62', '107', '217', '445', '481', '502']", o84-93i,803,1
P25101,EDNRA_HUMAN,Endothelin-1 receptor (Endothelin receptor type A) (ET-A) (ETA-R) (hET-AR),['158 239'],"['29', '62']",427,Only One pair,81|,o83-105i117-139o154-176i196-218o257-279i308-327o347-369i,"['4', '16', '68', '87', '109', '157', '176', '238', '264', '269', '279', '309', '317', '340', '362', '378', '382', '384', '385', '386', '387']",21,"['29', '62', '98', '242', '287', '401']", o81-103i117-142o156-181i202-223o250-276i307-328o346-371i,427,7
Q3T906,GNPTA_HUMAN,N-acetylglucosamine-1-phosphotransferase subunits alpha/beta (EC 2.7.8.17) (GlcNAc-1-phosphotransferase subunits alpha/beta) (Stealth protein GNPTAB) (UDP-N-acetylglucosamine-1-phosphotransferase subunits alpha/beta) [Cleaved into: N-acetylglucosamine-1-phosphotransferase subunit alpha; N-acetylglucosamine-1-phosphotransferase subunit beta],"['438 461', '452 468', '505 528', '519 535']","['83', '114', '148', '179', '250', '614', '699', '729', '829', '1009', '1129']",1256,-9|37|-9|,23|16|23|16|,i20-42o1213-1235i,"['12', '22', '69', '127', '132', '437', '441', '451', '455', '460', '467', '504', '508', '518', '522', '527', '534', '561', '1056', '1093', '1148', '1213']",22,"['83', '114', '148', '179', '250', '287', '376', '457', '551', '607', '614', '642', '684', '699', '729', '759', '829', '1009', '1056', '1129']", i18-38o716-725i1210-1220o1221-1230i,1256,4
Q08380,LG3BP_HUMAN,Galectin-3-binding protein (Basement membrane autoantigen p105) (Lectin galactoside-binding soluble 3-binding protein) (Mac-2-binding protein) (MAC2BP) (Mac-2 BP) (Tumor-associated antigen 90K),"['49 113', '62 123', '93 103']","['69', '125', '192', '362', '398', '551', '580']",585,-51|-30|,64|61|10|,o,"['48', '61', '92', '102', '112', '122', '152', '169', '200', '225', '242', '278', '488', '495', '525', '560']",16,"['69', '125', '192', '362', '398', '551', '580']", o138-147i,585,1
P32248,CCR7_HUMAN,C-C chemokine receptor type 7 (C-C CKR-7) (CC-CKR-7) (CCR-7) (BLR2) (CDw197) (Epstein-Barr virus-induced G-protein coupled receptor 1) (EBI1) (EBV-induced G-protein coupled receptor 1) (MIP-3 beta receptor) (CD antigen CD197),['129 210'],['36'],378,Only One pair,81|,o63-85i97-116o131-150i171-193o229-251i264-286o306-328i,"['21', '23', '47', '68', '128', '148', '178', '209', '241', '297', '315', '318', '319', '345', '357']",15,"['36', '292']", o57-81i93-119o128-152i174-196o220-245i264-286o303-329i,378,7
Q9HC97,GPR35_HUMAN,G-protein coupled receptor 35 (Kynurenic acid receptor) (KYNA receptor),['89 162'],['2'],309,Only One pair,73|,o23-45i58-80o95-112i133-155o170-192i219-241o,"['7', '45', '46', '67', '70', '88', '136', '161', '189', '228', '247', '268', '269', '274', '304']",15,['2'], o21-46i57-77o88-112i133-154o170-192i218-239o257-279i,309,7
Q14330,GPR18_HUMAN,N-arachidonyl glycine receptor (NAGly receptor) (G-protein coupled receptor 18),['94 172'],['14'],331,Only One pair,78|,o25-47i59-81o96-117i138-160o193-215i235-257o267-289i,"['30', '48', '93', '135', '141', '171', '205', '243', '250', '279']",10,"['14', '40', '188', '276']", o23-47i59-79o92-117i138-159o183-209i233-257o269-289i,331,7
O95264,5HT3B_HUMAN,5-hydroxytryptamine receptor 3B (5-HT3-B) (5-HT3B) (Serotonin receptor 3B),['155 169'],"['52', '96', '138', '168', '203', '287']",441,Only One pair,14|,o240-262i269-286o301-323i416-438o,"['11', '154', '168', '266', '308', '340', '431']",7,"['52', '96', '138', '168', '203', '287']", o239-264i271-288o300-318i419-438o,441,4
O75462,CRLF1_HUMAN,Cytokine receptor-like factor 1 (Cytokine-like factor 1) (CLF-1) (ZcytoR5),"['143 153', '184 195']","['92', '104', '140', '168', '292', '382']",422,31|,10|11|,o,"['26', '59', '115', '127', '142', '152', '183', '194', '295', '312', '350', '379']",12,"['92', '104', '140', '168', '292', '382']", o362-371i,422,1
Q9Y243,AKT3_HUMAN,RAC-gamma serine/threonine-protein kinase (EC 2.7.11.1) (Protein kinase Akt-3) (Protein kinase B gamma) (PKB gamma) (RAC-PK-gamma) (STK-2),"['59 76', '293 307']",[],479,217|,17|14|,o,"['58', '75', '118', '221', '292', '306', '340', '458']",8,"['53', '118']", i,479,0
P24530,EDNRB_HUMAN,Endothelin receptor type B (ET-B) (ET-BR) (Endothelin receptor non-selective type),['174 255'],['59'],442,Only One pair,81|,o104-126i138-160o175-197i217-239o275-297i325-347o367-389i,"['7', '18', '89', '108', '130', '173', '192', '254', '282', '297', '326', '334', '357', '379', '395', '399', '401', '402', '404', '419']",20,"['59', '119']", o99-124i138-163o172-197i218-239o268-294i324-345o363-388i,442,7
P41594,GRM5_HUMAN,Metabotropic glutamate receptor 5 (mGluR5),"['57 99', '241 530', '276 278', '365 381', '419 426', '511 531', '515 534', '537 549', '552 565', '644 733']","['88', '210', '378', '382', '445', '734']",1212,142|-254|87|38|85|-16|3|3|79|,42|289|2|16|7|20|19|12|13|89|,o582-604i617-636o692-714i737-759o774-796i803-825o,"['56', '92', '98', '128', '240', '275', '277', '364', '380', '418', '425', '510', '514', '529', '530', '533', '536', '548', '551', '564', '587', '617', '625', '630', '633', '643', '680', '690', '701', '732', '753', '781', '802', '815', '891', '981', '1093', '1189']",38,"['88', '210', '378', '382', '445', '734', '944', '1071']", o580-604i617-637o642-664i692-714o738-759i773-793o799-819i,1212,7
Q9BXC1,GP174_HUMAN,Probable G-protein coupled receptor 174,['91 168'],"['4', '164']",333,Only One pair,77|,o20-42i55-77o92-114i135-157o184-206i228-250o270-292i,"['6', '90', '93', '110', '128', '145', '148', '167', '203', '234', '241', '263', '278', '285', '332']",15,"['4', '164', '322']", o19-45i55-77o89-114i133-155o182-206i231-255o269-295i,333,7
O15218,GP182_HUMAN,G-protein coupled receptor 182,['126 202'],"['28', '37']",404,Only One pair,76|,o54-76i89-111o131-153i173-195o215-237i258-280o300-322i,"['42', '75', '125', '145', '173', '201', '242', '256', '260', '269', '291', '306', '312', '348', '354']",15,"['28', '37', '391']", o54-77i90-110o124-149i169-190o215-240i259-281o297-323i,404,7
Q96FT7,ASIC4_HUMAN,"Acid-sensing ion channel 4 (ASIC4) (Amiloride-sensitive cation channel 4) (Amiloride-sensitive cation channel 4, pituitary)","['245 329', '307 314', '423 483', '445 479', '449 477']","['318', '370', '484']",647,-22|109|-38|-30|,84|7|60|34|28|,o,"['33', '64', '133', '184', '244', '306', '313', '328', '407', '422', '444', '448', '457', '459', '476', '478', '482', '612', '646']",19,"['265', '294', '308', '318', '370', '484', '513']", i69-89o446-466i,539,2
P31751,AKT2_HUMAN,RAC-beta serine/threonine-protein kinase (EC 2.7.11.1) (Protein kinase Akt-2) (Protein kinase B beta) (PKB beta) (RAC-PK-beta),"['60 77', '297 311']",[],481,220|,17|14|,o,"['59', '76', '123', '225', '296', '310', '344']",7,['54'], i,481,0
P01019,ANGT_HUMAN,Angiotensinogen (Serpin A8) [Cleaved into: Angiotensin-1 (Angiotensin 1-10) (Angiotensin I) (Ang I); Angiotensin-2 (Angiotensin 1-8) (Angiotensin II) (Ang II); Angiotensin-3 (Angiotensin 2-8) (Angiotensin III) (Ang III) (Des-Asp[1]-angiotensin II); Angiotensin-4 (Angiotensin 3-8) (Angiotensin IV) (Ang IV); Angiotensin 1-9; Angiotensin 1-7; Angiotensin 1-5; Angiotensin 1-4],['51 171'],"['47', '170', '304', '328']",485,Only One pair,120|,o,"['22', '50', '170', '264', '340']",5,"['47', '170', '304', '328']", o130-157i,485,1
P46663,BKRB1_HUMAN,B1 bradykinin receptor (B1R) (BK-1 receptor),['110 189'],"['14', '22', '185']",353,Only One pair,79|,o42-64i71-93o108-130i156-178o207-229i250-272o292-314i,"['25', '47', '109', '157', '188', '239', '261', '283', '329']",9,"['14', '22', '185', '304']", o39-63i74-94o108-133i154-175o200-223i251-272o289-315i,353,7
P22760,AAAD_HUMAN,Arylacetamide deacetylase (EC 3.1.1.3),['116 340'],"['78', '282']",399,Only One pair,224|,i5-24o,"['115', '339']",2,"['78', '282']", o21i,399,1
O75388,GPR32_HUMAN,Probable G-protein coupled receptor 32,['114 191'],"['30', '199']",356,Only One pair,77|,o47-69i81-103o118-137i158-177o217-239i259-281o296-318i,"['10', '24', '33', '79', '113', '129', '139', '172', '187', '190', '234', '305', '347']",13,"['30', '199', '308']", o45-70i78-100o112-137i158-179o214-238i257-278o300-320i,356,7
Q9UPC5,GPR34_HUMAN,Probable G-protein coupled receptor 34,['127 204'],"['28', '36', '42', '200', '295']",381,Only One pair,77|,o57-79i91-113o128-150i171-193o217-239i268-290o310-329i,"['45', '105', '126', '174', '175', '203', '277', '298', '320', '338']",10,"['28', '36', '42', '157', '200', '295']", o56-80i91-112o125-150i171-192o217-239i267-291o311-330i,381,7
P46093,GPR4_HUMAN,G-protein coupled receptor 4 (G-protein coupled receptor 19),['90 168'],"['3', '164']",362,Only One pair,78|,o20-42i55-77o92-113i133-155o183-205i225-244o,"['8', '35', '67', '89', '108', '109', '167', '235', '257', '278', '286']",11,"['3', '58', '164', '318', '332']", o18-43i52-74o88-113i133-154o178-202i225-246o267-289i,362,7
P31749,AKT1_HUMAN,RAC-alpha serine/threonine-protein kinase (EC 2.7.11.1) (Protein kinase B) (PKB) (Protein kinase B alpha) (PKB alpha) (Proto-oncogene c-Akt) (RAC-PK-alpha),"['60 77', '296 310']",[],480,219|,17|14|,o,"['59', '76', '223', '295', '309', '343', '459']",7,['54'], i,480,0
Q12797,ASPH_HUMAN,Aspartyl/asparaginyl beta-hydroxylase (EC 1.14.11.16) (Aspartate beta-hydroxylase) (ASP beta-hydroxylase) (Peptide-aspartate beta-dioxygenase),['641 648'],"['452', '706', '64']",758,Only One pair,7|,i53-75o,"['221', '383', '640', '647', '659', '684', '699', '703']",8,"['12', '452', '706']", i54-74o359-368i,758,2
Q9UNW8,GP132_HUMAN,Probable G-protein coupled receptor 132 (G2 accumulation protein),['115 186'],['35'],380,Only One pair,71|,o46-68i80-102o117-138i159-178o198-220i247-269o289-311i,"['1', '32', '52', '60', '82', '86', '114', '123', '133', '134', '137', '164', '185', '253', '279', '294', '369', '379']",18,"['13', '35']", o43-68i77-100o113-138i158-178o196-220i243-268o289-311i,380,7
